Title	Air Date	Season	Episode	US Viewers in Millions	IMDB Rating	Director	Writer
Homer's Night Out	1990-03-25	1	10	30.3	7.4	Rich Moore	Jon Vitti
Krusty Gets Busted	1990-04-29	1	12	30.4	8.3	Brad Bird	Jay Kogen & Wallace Wolodarsky
"Bart Gets an ""F"""	1990-10-11	2	1	33.6	8.2	David Silverman	David M. Stern
Two Cars in Every Garage and Three Eyes on Every Fish	1990-11-01	2	4	26.1	8.1	Wes Archer	Sam Simon & John Swartzwelder
Dead Putting Society	1990-11-15	2	6	25.4	8.0	Rich Moore	Jeff Martin
Bart the Daredevil	1990-12-06	2	8	26.2	8.4	Wesley Meyer Archer	Jay Kogen & Wallace Wolodarsky
Bart Gets Hit by a Car	1991-01-10	2	10	24.8	7.8	Mark Kirkland	John Swartzwelder
Homer vs. Lisa and the 8th Commandment	1991-02-07	2	13	26.2	8.0	Rich Moore	Steve Pepoon
Oh Brother, Where Art Thou?	1991-02-21	2	15	26.8	8.2	"W.M. ""Bud"" Archer"	Jeff Martin
Old Money	1991-03-28	2	17	21.2	7.6	David Silverman	Jay Kogen & Wallace Wolodarsky
Lisa's Substitute	1991-04-25	2	19	17.7	8.5	Rich Moore	Jon Vitti
Blood Feud	1991-07-11	2	22	17.3	8.0	David Silverman	George Meyer
Mr. Lisa Goes to Washington	1991-09-26	3	2	20.2	7.7	Wes Archer	George Meyer
Bart the Murderer	1991-10-10	3	4	20.8	8.7	Rich Moore	John Swartzwelder
Like Father, Like Clown	1991-10-24	3	6	20.2	7.7	Jeffrey Lynch & Brad Bird	Jay Kogen & Wallace Wolodarsky
Saturdays of Thunder	1991-11-14	3	9	24.7	7.9	Jim Reardon	Ken Levine & David Isaacs
Burns Verkaufen der Kraftwerk	1991-12-05	3	11	21.1	8.2	Mark Kirkland	Jon Vitti
Radio Bart	1992-01-09	3	13	24.2	8.5	Carlos Baeza	Jon Vitti
Bart the Lover	1992-02-13	3	16	20.5	8.3	Carlos Baeza	Jon Vitti
Separate Vocations	1992-02-27	3	18	23.7	8.2	Jeffrey Lynch	George Meyer
Colonel Homer	1992-03-26	3	20	25.5	7.9	Mark Kirkland	Matt Groening
Bart's Friend Falls in Love	1992-05-07	3	23	19.5	7.8	Jim Reardon	Jay Kogen & Wallace Wolodarsky
Kamp Krusty	1992-09-24	4	1	21.8	8.4	Mark Kirkland	David M. Stern
Itchy & Scratchy: The Movie	1992-11-03	4	6	20.1	8.2	Rich Moore	John Swartzwelder
Lisa's First Word	1992-12-03	4	10	28.6	8.5	Mark Kirkland	Jeff Martin
Selma's Choice	1993-01-21	4	13	24.5	8.0	Carlos Baeza	David M. Stern
The Call of the Simpsons	1990-02-18	1	7	27.6	7.9	Wesley Archer	John Swartzwelder
One Fish, Two Fish, Blowfish, Blue Fish	1991-01-24	2	11	24.2	8.8	David Silverman	Al Jean & Mike Reiss and Sam Simon
Marge in Chains	1993-05-06	4	21	17.3	7.7	Jim Reardon	Bill Oakley & Josh Weinstein
Homer's Barbershop Quartet	1993-09-30	5	1	19.9	8.4	Mark Kirkland	Jeff Martin
Homer Goes to College	1993-10-14	5	3	18.1	8.6	Jim Reardon	Conan O'Brien
Marge on the Lam	1993-11-04	5	6	21.7	8.0	Mark Kirkland	Bill Canterbury
Boy-Scoutz 'n the Hood	1993-11-18	5	8	20.1	8.7	Jeffrey Lynch	Dan McGrath
Homer the Vigilante	1994-01-06	5	11	20.1	8.2	Jim Reardon	John Swartzwelder
Bart Gets Famous	1994-02-03	5	12	20.0	8.1	Susie Dietter	John Swartzwelder
Lisa vs. Malibu Stacy	1994-02-17	5	14	20.5	8.2	Jeffrey Lynch	Bill Oakley & Josh Weinstein
Bart Gets an Elephant	1994-03-31	5	17	17.0	7.9	Jim Reardon	John Swartzwelder
Lady Bouvier's Lover	1994-05-12	5	21	15.1	7.5	Wes Archer	Bill Oakley & Josh Weinstein
Bart of Darkness	1994-09-04	6	1	15.1	8.6	Jim Reardon	Dan McGrath
Itchy & Scratchy Land	1994-10-02	6	4	14.8	8.5	Wes Archer	John Swartzwelder
Lisa on Ice	1994-11-13	6	8	17.9	8.4	Bob Anderson	Mike Scully
Fear of Flying	1994-12-18	6	11	15.6	7.8	Mark Kirkland	David Sacks
And Maggie Makes Three	1995-01-22	6	13	17.3	8.5	Swinton O. Scott III	Jennifer Crittenden
Homie the Clown	1995-02-12	6	15	17.6	8.5	David Silverman	John Swartzwelder
Homer vs. Patty and Selma	1995-02-26	6	17	18.9	7.9	Mark Kirkland	Brent Forrester
Two Dozen and One Greyhounds	1995-04-09	6	20	11.6	8.1	Bob Anderson	Mike Scully
'Round Springfield	1995-04-30	6	22	12.6	8.3	Steven Dean Moore	Teleplay by: Joshua Sternin & Jeffrey Ventimilia Story by: Mike Reiss & Al Jean
Lemon of Troy	1995-05-14	6	24	13.1	8.6	Jim Reardon	Brent Forrester
Radioactive Man	1995-09-24	7	2	15.7	8.3	Susie Dietter	John Swartzwelder
Bart Sells His Soul	1995-10-08	7	4	14.8	8.7	Wesley Archer	Greg Daniels
Treehouse of Horror VI	1995-10-29	7	6	19.7	8.5	Bob Anderson	John Swartzwelder, Steve Tompkins & David S. Cohen
Marge Be Not Proud	1995-12-17	7	11	16.7	8.3	Steven Dean Moore	Mike Scully
Team Homer	1996-01-07	7	12	16.7	8.3	Mark Kirkland	Mike Scully
Bart the Fink	1996-02-11	7	15	15.0	7.7	Jim Reardon	Story by: Bob Kushell Teleplay by: John Swartzwelder
New Kid on the Block	1992-11-12	4	8	23.1	8.2	Wes Archer	Conan O'Brien
22 Short Films About Springfield	1996-04-14	7	21	10.5	8.8	Jim Reardon	Richard Appel, David S. Cohen, Jonathan Collier, Jennifer Crittenden, Greg Daniels, Brent Forrester, Rachel Pulido, Steve Tompkins, Bill Oakley, Josh Weinstein and Matt Groening
Much Apu About Nothing	1996-05-05	7	23	11.3	8.0	Susie Dietter	David S. Cohen
Summer of 4 Ft. 2	1996-05-19	7	25	14.7	8.3	Mark Kirkland	Dan Greaney
Burns, Baby Burns	1996-11-17	8	4	12.6	7.7	Jim Reardon	Ian Maxtone-Graham
Lisa's Date with Density	1996-12-15	8	7	7.2	7.8	Susie Dietter	Mike Scully
The Springfield Files	1997-01-12	8	10	20.9	9.0	Steven Dean Moore	Reid Harrison
The Twisted World of Marge Simpson	1997-01-19	8	11	14.0	7.8	Chuck Sheetz	Jennifer Crittenden
The Itchy & Scratchy & Poochie Show	1997-02-09	8	14	15.5	7.9	Steven Dean Moore	David S. Cohen
Homer's Phobia	1997-02-16	8	15	15.3	8.9	Mike B. Anderson	Ron Hauge
Homer vs. the Eighteenth Amendment	1997-03-16	8	18	14.6	8.7	Bob Anderson	John Swartzwelder
The Canine Mutiny	1997-04-13	8	20	7.1	7.7	Dominic Polcino	Ron Hauge
In Marge We Trust	1997-04-27	8	22	16.9	8.0	Steven Dean Moore	Donick Cary
The Secret War of Lisa Simpson	1997-05-18	8	25	12.7	7.8	Mike B. Anderson	Richard Appel
The Principal and the Pauper	1997-09-28	9	2	14.9	7.4	Steven Dean Moore	Ken Keeler
Bart Star	1997-11-09	9	6	10.6	7.7	Dominic Polcino	Donick Cary
Lisa the Skeptic	1997-11-23	9	8	9.3	8.0	Neil Affleck	David S. Cohen
All Singing, All Dancing	1998-01-04	9	11	8.9	5.1	Mark Kirkland	Steve O'Donnell
The Joy of Sect	1998-02-08	9	13	9.4	8.2	Steven Dean Moore	Steve O'Donnell
This Little Wiggy	1998-03-22	9	18	8.9	7.8	Neil Affleck	Dan Greaney
The Trouble with Trillions	1998-04-05	9	20	7.4	7.9	Swinton O. Scott III	Ian Maxtone-Graham
Trash of the Titans	1998-04-26	9	22	10.2	8.5	Jim Reardon	Ian Maxtone-Graham
Natural Born Kissers	1998-05-17	9	25	8.6	8.1	Klay Hall	Matt Selman
The Wizard of Evergreen Terrace	1998-09-20	10	2	7.95	8.2	Mark Kirkland	John Swartzwelder
Treehouse of Horror IX	1998-10-25	10	4	8.5	8.0	Steven Dean Moore	Donick Cary, Larry Doyle & David S. Cohen
Mayored to the Mob	1998-12-20	10	9	8.5	8.2	Swinton O. Scott III	Ron Hauge
Wild Barts Can't Be Broken	1999-01-17	10	11	8.8	7.7	Mark Ervin	Larry Doyle
Make Room for Lisa	1999-02-28	10	16	7.6	7.5	Matthew Nastuk	Brian Scully
Mom and Pop Art	1999-04-11	10	19	8.5	7.6	Steven Dean Moore	Al Jean
Monty Can't Buy Me Love	1999-05-02	10	21	7.26	7.2	Mark Ervin	John Swartzwelder
Thirty Minutes over Tokyo	1999-05-16	10	23	8.0	7.9	Jim Reardon	Donick Cary & Dan Greaney
Guess Who's Coming to Criticize Dinner?	1999-10-24	11	3	6.7	7.5	Nancy Kruse	Al Jean
E-I-E-I-(Annoyed Grunt)	1999-11-07	11	5	8.4	7.6	Bob Anderson	Ian Maxtone-Graham
Eight Misbehavin'	1999-11-21	11	7	9.2	7.1	Steven Dean Moore	Matt Selman
The Mansion Family	2000-01-23	11	12	11.3	7.3	Michael Polcino	John Swartzwelder
Alone Again, Natura-diddily	2000-02-13	11	14	10.8	7.9	Steven Dean Moore	Ron Hauge
Pygmoelian	2000-02-27	11	16	9.4	7.3	Mark Kirkland	Larry Doyle
Kill the Alligator and Run	2000-04-30	11	19	7.46	6.6	Jen Kamerman	John Swartzwelder
It's a Mad, Mad, Mad, Mad Marge	2000-05-14	11	21	7.5	7.3	Steven Dean Moore	Larry Doyle
Treehouse of Horror XI	2000-11-01	12	1	13.2	7.6	Matthew Nastuk	Rob LaZebnik John Frink & Don Payne Carolyn Omine
Insane Clown Poppy	2000-11-12	12	3	16.4	7.1	Bob Anderson	John Frink & Don Payne
The Computer Wore Menace Shoes	2000-12-03	12	6	15.6	7.7	Mark Kirkland	John Swartzwelder
Pokey Mom	2001-01-14	12	10	15.0	7.3	Bob Anderson	Tom Martin
Day of the Jackanapes	2001-02-18	12	13	15.4	7.2	Michael Marcantel	Al Jean
Hungry, Hungry Homer	2001-03-04	12	15	17.6	7.4	Nancy Kruse	John Swartzwelder
Simpson Safari	2001-04-01	12	17	13.3	6.9	Mark Kirkland	John Swartzwelder
Children of a Lesser Clod	2001-05-13	12	20	13.8	7.3	Mike Polcino	Al Jean
Treehouse of Horror XII	2001-11-06	13	1	13.0	7.5	Jim Reardon	Joel H. Cohen John Frink & Don Payne Carolyn Omine
Homer the Moe	2001-11-18	13	3	14.4	7.2	Jen Kamerman	Dana Gould
The Blunder Years	2001-12-09	13	5	12.9	7.7	Steven Dean Moore	Ian Maxtone-Graham
Half-Decent Proposal	2002-02-10	13	10	13.2	7.5	Lauren MacMullan	Tim Long
The Lastest Gun in the West	2002-02-24	13	12	13.2	6.5	Bob Anderson	John Swartzwelder
Blame It on Lisa	2002-03-31	13	15	11.1	7.0	Steven Dean Moore	Bob Bendetson
Gump Roast	2002-04-21	13	17	12.3	5.6	Mark Kirkland	Deb Lacusta & Dan Castellaneta
Homer's Triple Bypass	1992-12-17	4	11	23.6	8.7	David Silverman	Gary Apple & Michael Carrington
Bart vs. Lisa vs. the Third Grade	2002-11-17	14	3	13.3	7.0	Steven Dean Moore	Tim Long
The Great Louse Detective	2002-12-15	14	6	15.5	7.3	Steven Dean Moore	John Frink & Don Payne
The Dad Who Knew Too Little	2003-01-12	14	8	12.8	7.3	Mark Kirkland	Matt Selman
Pray Anything	2003-02-09	14	10	13.4	6.8	Michael Polcino	Sam O'Neal & Neal Boushell
C.E.D'oh	2003-03-16	14	15	13.0	7.3	Mike B. Anderson	Dana Gould
Three Gays of the Condo	2003-04-13	14	17	12.02	7.2	Mark Kirkland	Matt Warburton
Brake My Wife, Please	2003-05-11	14	20	10.56	6.9	Pete Michels	Tim Long
Moe Baby Blues	2003-05-18	14	22	13.44	7.7	Lauren MacMullan	J. Stewart Burns
My Mother the Carjacker	2003-11-09	15	2	12.4	7.3	Nancy Kruse	Michael Price
The Fat and the Furriest	2003-11-30	15	5	11.7	7.2	Matthew Nastuk	Joel H. Cohen
'Tis the Fifteenth Season	2003-12-14	15	7	11.3	7.2	Steven Dean Moore	Michael Price
I, (Annoyed Grunt)-bot	2004-01-11	15	9	16.3	7.3	Lauren MacMullan	Dan Greaney & Allen Glazier
Smart & Smarter	2004-02-22	15	13	12.6	7.1	Steven Dean Moore	Carolyn Omine
Co-Dependents' Day	2004-03-21	15	15	11.2	6.9	Bob Anderson	Matt Warburton
Catch 'Em If You Can	2004-04-25	15	18	9.3	7.0	Matthew Nastuk	Ian Maxtone-Graham
The Way We Weren't	2004-05-09	15	20	6.6	7.3	Mike B. Anderson	J. Stewart Burns
Fraudcast News	2004-05-23	15	22	9.2	7.2	Bob Anderson	Don Payne
Sleeping with the Enemy	2004-11-21	16	3	9.95	7.1	Lauren MacMullan	Jon Vitti
Fat Man and Little Boy	2004-12-12	16	5	10.31	7.1	Mike B. Anderson	Joel H. Cohen
Mommie Beerest	2005-01-30	16	7	9.97	7.0	Mark Kirkland	Michael Price
There's Something About Marrying	2005-02-20	16	10	10.39	7.1	Nancy Kruse	J. Stewart Burns
Goo Goo Gai Pan	2005-03-13	16	12	10.28	7.0	Lance Kramer	Lawrence Talbot[c]
The Seven-Beer Snitch	2005-04-03	16	14	7.48	6.9	Matthew Nastuk	Bill Odenkirk
The Heartbroke Kid	2005-05-01	16	17	10.79	7.2	Steven Dean Moore	Ian Maxtone-Graham
Thank God It's Doomsday	2005-05-08	16	19	10.05	7.3	Michael Marcantel	Don Payne
The Bonfire of the Manatees	2005-09-11	17	1	11.1	6.3	Mark Kirkland	Dan Greaney
Duffless	1993-02-18	4	16	25.7	8.3	Jim Reardon	David M. Stern
The Last of the Red Hat Mamas	2005-11-27	17	7	11.46	6.7	Matthew Nastuk	Joel H. Cohen
Simpsons Christmas Stories	2005-12-18	17	9	9.8	6.9	Steven Dean Moore	Don Payne
My Fair Laddy	2006-02-26	17	12	9.51	6.4	Bob Anderson	Michael Price
Bart Has Two Mommies	2006-03-19	17	14	8.75	7.0	Mike Marcantel	Dana Gould
Million-Dollar Abie	2006-04-02	17	16	7.83	6.6	Steven Dean Moore	Tim Long
Regarding Margie	2006-05-07	17	20	8.5	6.7	Michael Polcino	Marc Wilmore
The Mook, the Chef, the Wife and Her Homer	2006-09-10	18	1	11.5	7.5	Michael Marcantel	Bill Odenkirk
Please Homer, Don't Hammer 'Em	2006-09-24	18	3	9.72	6.8	Mike B. Anderson & Ralph Sosa	Matt Warburton
G.I. (Annoyed Grunt)	2006-11-12	18	5	11.43	6.9	Nancy Kruse	Daniel Chun
Ice Cream of Margie (with the Light Blue Hair)	2006-11-26	18	7	10.9	7.0	Matthew Nastuk	Carolyn Omine
Kill Gil, Volumes I & II	2006-12-17	18	9	8.96	6.4	Bob Anderson	Jeff Westbrook
Little Big Girl	2007-02-11	18	12	8.27	7.0	Raymond S. Persi	Don Payne
Yokel Chords	2007-03-04	18	14	9.09	7.1	Susie Dietter	Michael Price
Homerazzi	2007-03-25	18	16	6.91	7.2	Matthew Nastuk	J. Stewart Burns
Crook and Ladder	2007-05-06	18	19	7.72	7.1	Lance Kramer	Bill Odenkirk
24 Minutes	2007-05-20	18	21	9.8	8.1	Raymond S. Persi	Billy Kimball & Ian Maxtone-Graham
The Homer of Seville	2007-09-30	19	2	8.4	6.7	Michael Polcino	Carolyn Omine
Little Orphan Millie	2007-11-11	19	6	10.57	6.7	Lance Kramer	Mick Kelly
Funeral for a Fiend	2007-11-25	19	8	9.0	7.1	Rob Oliver	Michael Price
E Pluribus Wiggum	2008-01-06	19	10	8.2	6.9	Michael Polcino	Michael Price
The Debarted	2008-03-02	19	13	8.18	7.7	Matthew Nastuk	Joel H. Cohen
Smoke on the Daughter	2008-03-30	19	15	7.1	6.7	Lance Kramer	Billy Kimball
Apocalypse Cow	2008-04-27	19	17	7.69	6.9	Nancy Kruse	Jeff Westbrook
Mona Leaves-a	2008-05-11	19	19	6.02	7.1	Mike B. Anderson & Ralph Sosa	Joel H. Cohen
Lost Verizon	2008-10-05	20	2	7.43	6.9	Raymond S. Persi	John Frink
Treehouse of Horror XIX	2008-11-02	20	4	12.48	7.1	Bob Anderson	Matt Warburton
So It's Come to This: A Simpsons Clip Show	1993-04-01	4	18	25.5	7.2	Carlos Baeza	Jon Vitti
Gone Maggie Gone	2009-03-15	20	13	5.99	7.2	Chris Clements	Billy Kimball & Ian Maxtone-Graham
Father Knows Worst	2009-04-26	20	18	5.94	7.0	Matthew Nastuk	Rob LaZebnik
Four Great Women and a Manicure	2009-05-10	20	20	5.16	6.3	Raymond S. Persi	Valentina L. Garza
Homer the Whopper	2009-09-27	21	1	8.31	7.1	Lance Kramer	Seth Rogen & Evan Goldberg
Rednecks and Broomsticks	2009-11-29	21	7	9.02	6.8	Bob Anderson & Rob Oliver	Kevin Curran
Thursdays with Abie	2010-01-03	21	9	8.65	6.8	Michael Polcino	Don Payne & Mitchell H. Glazer
Million Dollar Maybe	2010-01-31	21	11	5.11	7.1	Chris Clements	Bill Odenkirk
Postcards from the Wedge	2010-03-14	21	14	5.23	7.1	Mark Kirkland	Brian Kelley
The Greatest Story Ever D'ohed	2010-03-28	21	16	5.69	5.7	Michael Polcino	Kevin Curran
Moe Letter Blues	2010-05-09	21	21	5.66	6.9	Matthew Nastuk	Stephanie Gillis
Judge Me Tender	2010-05-23	21	23	5.74	6.6	Steven Dean Moore	Dan Greaney & Allen Glazier
Loan-a Lisa	2010-10-03	22	2	8.59	6.8	Matthew Faughnan	Valentina L. Garza
Lisa Simpson, This Isn't Your Life	2010-11-14	22	5	8.97	7.2	Matthew Nastuk	Joel H. Cohen
The Fight Before Christmas	2010-12-05	22	8	9.54	6.9	Bob Anderson & Matthew Schofield	Deb Lacusta & Dan Castellaneta
Donnie Fatso	2010-12-12	22	9	7.18	7.0	Ralph Sosa	Chris Cluess
Homer the Father	2011-01-23	22	12	6.5	7.0	Mark Kirkland	Joel H. Cohen
Angry Dad: The Movie	2011-02-20	22	14	6.35	7.2	Matthew Nastuk	John Frink
A Midsummer's Nice Dream	2011-03-13	22	16	5.44	6.1	Steven Dean Moore	Deb Lacusta & Dan Castellaneta
The Great Simpsina	2011-04-10	22	18	4.99	7.0	Chris Clements	Matt Warburton
500 Keys	2011-05-15	22	21	6.0	7.3	Bob Anderson	John Frink
The Falcon and the D'ohman	2011-09-25	23	1	8.08	7.2	Matthew Nastuk	Justin Hurwitz
Treehouse of Horror XXII	2011-10-30	23	3	8.1	6.6	Matthew Faughnan	Carolyn Omine
The Food Wife	2011-11-13	23	5	7.5	7.2	Timothy Bailey	Matt Selman
The Ten-Per-Cent Solution	2011-12-04	23	8	9.01	6.2	Michael Polcino	Deb Lacusta & Dan Castellaneta
Politically Inept, with Homer Simpson	2012-01-08	23	10	5.07	6.1	Mark Kirkland	John Frink
Moe Goes from Rags to Riches	2012-01-29	23	12	5.12	5.7	Bob Anderson	Tim Long
Pranks and Greens	2009-11-22	21	6	7.03	6.7	Chuck Sheetz	Jeff Westbrook
$pringfield (or, How I Learned to Stop Worrying and Love Legalized Gambling)	1993-12-16	5	10	17.9	8.5	Wes Archer	Bill Oakley & Josh Weinstein
Beware My Cheating Bart	2012-04-15	23	18	4.86	7.1	Mark Kirkland	Ben Joseph
The Spy Who Learned Me	2012-05-06	23	20	4.84	6.9	Bob Anderson	Marc Wilmore
Lisa Goes Gaga	2012-05-20	23	22	4.82	4.5	Matthew Schofield	Tim Long
Penny-Wiseguys	2012-11-18	24	5	5.06	6.3	Mark Kirkland	Michael Price
To Cur with Love	2012-12-16	24	8	3.77	7.2	Steven Dean Moore	Carolyn Omine
A Test Before Trying	2013-01-13	24	10	5.04	7.0	Chris Clements	Joel H. Cohen
Love is a Many-Splintered Thing	2013-02-10	24	12	4.19	6.5	Chris Clements	Tim Long
Gorgeous Grampa	2013-03-03	24	14	4.66	6.2	Chuck Sheetz	Matt Selman
What Animated Women Want	2013-04-14	24	17	4.11	6.5	Steven Dean Moore	J. Stewart Burns
Whiskey Business	2013-05-05	24	19	4.43	6.8	Matthew Nastuk	Valentina L. Garza
Homerland	2013-09-29	25	1	6.37	7.0	Bob Anderson	Stephanie Gillis
YOLO	2013-11-10	25	4	4.2	6.7	Michael Polcino	Michael Nobori
The Kid Is All Right	2013-11-24	25	6	6.78	6.5	Mark Kirkland	Tim Long
White Christmas Blues	2013-12-15	25	8	8.48	6.5	Steven Dean Moore	Don Payne
Specs and the City	2014-01-26	25	11	3.87	7.2	Lance Kramer	Brian Kelley
The Man Who Grew Too Much	2014-03-09	25	13	3.75	6.7	Matthew Schofield	Jeff Westbrook
The War of Art	2014-03-23	25	15	3.98	7.0	Steven Dean Moore	Rob LaZebnik
Luca$	2014-04-06	25	17	4.3	6.5	Chris Clements	Carolyn Omine
Brick Like Me	2014-05-04	25	20	4.39	7.7	Matthew Nastuk	Brian Kelley
The Yellow Badge of Cowardge	2014-05-18	25	22	3.28	6.7	Timothy Bailey	Billy Kimball & Ian Maxtone-Graham
The Wreck of the Relationship	2014-10-05	26	2	4.27	6.9	Chuck Sheetz	Jeff Westbrook
Opposites A-Frack	2014-11-02	26	5	4.22	6.3	Matthew Nastuk	Valentina L. Garza
Blazed and Confused	2014-11-16	26	7	6.7	6.9	Rob Oliver	Carolyn Omine & William Wright
The Man Who Came to Be Dinner	2015-01-04	26	10	10.62	6.8	David Silverman	Al Jean & David Mirkin
The Musk Who Fell to Earth	2015-01-25	26	12	3.29	5.8	Matthew Nastuk	Neil Campbell
Peeping Mom	2015-04-19	26	18	3.23	6.7	Mark Kirkland	John Frink
Life on the Fast Lane	1990-03-18	1	9	33.5	7.5	David Silverman	John Swartzwelder
The Crepes of Wrath	1990-04-15	1	11	31.2	7.8	Wesley Archer & Milton Gray	George Meyer, Sam Simon, John Swartzwelder & Jon Vitti
Some Enchanted Evening	1990-05-13	1	13	27.1	7.9	David Silverman & Kent Butterworth	Matt Groening & Sam Simon
Simpson and Delilah	1990-10-18	2	2	29.9	8.3	Rich Moore	Jon Vitti
Treehouse of Horror	1990-10-25	2	3	27.4	8.2	Wes Archer Rich Moore David Silverman	John Swartzwelder Jay Kogen & Wallace Wolodarsky Edgar Allan Poe & Sam Simon
Dancin' Homer	1990-11-08	2	5	26.1	7.5	Mark Kirkland	Ken Levine & David Isaacs
Bart vs. Thanksgiving	1990-11-22	2	7	25.9	7.7	David Silverman	George Meyer
Itchy & Scratchy & Marge	1990-12-20	2	9	22.2	8.1	Jim Reardon	John Swartzwelder
The Way We Was	1991-01-31	2	12	26.8	8.2	Wesley M. Archer	Nell Scovell
Principal Charming	1991-02-14	2	14	23.9	7.5	Mark Kirkland	David M. Stern
"Bart's Dog Gets an ""F"""	1991-03-07	2	16	23.9	7.5	Jim Reardon	Jon Vitti
The War of the Simpsons	1991-05-02	2	20	19.7	7.9	Mark Kirkland	John Swartzwelder
Bull-E	2015-05-10	26	21	2.77	6.8	Lance Kramer	Tim Long
Cue Detective	2015-10-04	27	2	6.02	6.7	Timothy Bailey	Joel H. Cohen
Friend with Benefit	2015-11-08	27	6	3.48	6.8	Matthew Faughnan	Rob LaZebnik
Barthood	2015-12-13	27	9	5.97	8.4	Rob Oliver	Dan Greaney
Teenage Mutant Milk-Caused Hurdles	2016-01-10	27	11	8.33	6.8	Timothy Bailey	Joel H. Cohen
Gal of Constant Sorrow	2016-02-21	27	14	3.1	6.6	Matthew Nastuk	Carolyn Omine
The Marge-ian Chronicles	2016-03-13	27	16	3.07	7.3	Chris Clements	Brian Kelley
Fland Canyon	2016-04-24	27	19	2.77	7.1	Michael Polcino	J. Stewart Burns
Simprovised	2016-05-15	27	21	2.8	6.4	Matthew Nastuk	John Frink
Simpsons Roasting on an Open Fire	1989-12-17	1	1	26.7	8.2	David Silverman	Mimi Pond
Bart the Genius	1990-01-14	1	2	24.5	7.8	David Silverman	Jon Vitti
There's No Disgrace Like Home	1990-01-28	1	4	20.2	7.8	Gregg Vanzo & Kent Butterworth	Al Jean & Mike Reiss
Moaning Lisa	1990-02-11	1	6	27.4	7.6	Wesley Archer	Al Jean & Mike Reiss
The Telltale Head	1990-02-25	1	8	28.0	7.7	Rich Moore	Al Jean, Mike Reiss, Sam Simon & Matt Groening
Three Men and a Comic Book	1991-05-09	2	21	21.0	8.4	Wes M. Archer	Jeff Martin
Stark Raving Dad	1991-09-19	3	1	22.9	8.6	Rich Moore	Al Jean & Mike Reiss
When Flanders Failed	1991-10-03	3	3	22.8	8.2	Jim Reardon	Jon Vitti
Homer Defined	1991-10-17	3	5	20.6	8.5	Mark Kirkland	Howard Gewirtz
The Front	1993-04-15	4	19	20.1	8.1	Rich Moore	Adam I. Lapidus
Brother from the Same Planet	1993-02-04	4	14	23.8	8.1	Jeff Lynch	Jon Vitti
Treehouse of Horror IV	1993-10-28	5	5	24.0	8.7	David Silverman	Conan O'Brien, Bill Oakley & Josh Weinstein, Greg Daniels & Dan McGrath and Bill Canterbury
Marge vs. the Monorail	1993-01-14	4	12	23.0	9.0	Rich Moore	Conan O'Brien
I Love Lisa	1993-02-11	4	15	25.2	8.3	Wes Archer	Frank Mula
The Last Temptation of Homer	1993-12-09	5	9	20.6	8.4	Carlos Baeza	Frank Mula
Dog of Death	1992-03-12	3	19	23.4	7.7	Jim Reardon	John Swartzwelder
Treehouse of Horror II	1991-10-31	3	7	20.0	8.2	Jim Reardon	Al Jean, Mike Reiss, Jeff Martin, George Meyer, Sam Simon & John Swartzwelder
Lisa's Pony	1991-11-07	3	8	23.0	7.9	Carlos Baeza	Al Jean & Mike Reiss
Marge Gets a Job	1992-11-05	4	7	22.9	7.8	Jeff Lynch	Bill Oakley & Josh Weinstein
I Married Marge	1991-12-26	3	12	21.9	8.2	Jeffrey Lynch	Jeff Martin
Last Exit to Springfield	1993-03-11	4	17	22.4	9.0	Mark Kirkland	Jay Kogen & Wallace Wolodarsky
Lisa the Greek	1992-01-23	3	14	23.2	8.0	Rich Moore	Jay Kogen & Wallace Wolodarsky
The Otto Show	1992-04-23	3	22	17.5	7.7	Wes Archer	Jeff Martin
Rosebud	1993-10-21	5	4	19.5	8.9	Wes Archer	John Swartzwelder
Homer Alone	1992-02-06	3	15	23.7	8.0	Mark Kirkland	David M. Stern
Homer at the Bat	1992-02-20	3	17	24.6	8.6	Jim Reardon	John Swartzwelder
Whacking Day	1993-04-29	4	20	20.0	8.1	Jeff Lynch	John Swartzwelder
Lisa the Beauty Queen	1992-10-15	4	4	19.0	7.8	Mark Kirkland	Jeff Martin
Krusty Gets Kancelled	1993-05-13	4	22	19.4	8.2	David Silverman	John Swartzwelder
Black Widower	1992-04-09	3	21	17.3	8.2	David Silverman	Story by: Thomas Chastain & Sam Simon Teleplay by: Jon Vitti
A Streetcar Named Marge	1992-10-01	4	2	18.3	8.1	Rich Moore	Jeff Martin
Treehouse of Horror III	1992-10-29	4	5	25.1	8.4	Carlos Baeza	Al Jean, Mike Reiss, Jay Kogen, Wallace Wolodarsky, Sam Simon & Jon Vitti
Mr. Plow	1992-11-19	4	9	24.0	8.8	Jim Reardon	Jon Vitti
Homer and Apu	1994-02-10	5	13	21.8	8.3	Mark Kirkland	Greg Daniels
Homer Loves Flanders	1994-03-17	5	16	18.0	8.5	Wes Archer	David Richardson
Burns' Heir	1994-04-14	5	18	14.7	8.4	Mark Kirkland	Jace Richdale
Sideshow Bob's Last Gleaming	1995-11-26	7	9	14.2	8.0	Dominic Polcino	Spike Feresten
Grampa vs. Sexual Inadequacy	1994-12-04	6	10	14.1	8.0	Wes Archer	Bill Oakley & Josh Weinstein
A Fish Called Selma	1996-03-24	7	19	12.9	8.2	Mark Kirkland	Jack Barth
Bart's Comet	1995-02-05	6	14	18.7	8.6	Bob Anderson	John Swartzwelder
Home Sweet Homediddly-Dum-Doodily	1995-10-01	7	3	14.5	8.3	Susie Dietter	Jon Vitti
Scenes from the Class Struggle in Springfield	1996-02-04	7	14	14.4	7.7	Susie Dietter	Jennifer Crittenden
Bart vs. Australia	1995-02-19	6	16	15.1	8.5	Wes Archer	Bill Oakley & Josh Weinstein
King-Size Homer	1995-11-05	7	7	17.0	9.0	Jim Reardon	Dan Greaney
Secrets of a Successful Marriage	1994-05-19	5	22	15.6	8.0	Carlos Baeza	Greg Daniels
Lisa's Rival	1994-09-11	6	2	16.7	8.1	Mark Kirkland	Mike Scully
A Star Is Burns	1995-03-05	6	18	14.4	8.5	Susie Dietter	Ken Keeler
Lisa's Wedding	1995-03-19	6	19	14.4	8.3	Jim Reardon	Greg Daniels
Another Simpsons Clip Show	1994-09-25	6	3	13.5	6.0	David Silverman	Penny Wise[a]
Lisa the Vegetarian	1995-10-15	7	5	14.6	8.5	Mark Kirkland	David S. Cohen
The PTA Disbands	1995-04-16	6	21	11.8	8.1	Swinton O. Scott III	Jennifer Crittenden
Sideshow Bob Roberts	1994-10-09	6	5	14.4	8.3	Mark Kirkland	Bill Oakley & Josh Weinstein
Bart's Girlfriend	1994-11-06	6	7	15.3	8.0	Susie Dietter	Jonathan Collier
Who Shot Mr. Burns? (Part Two)	1995-09-17	7	1	16.0	8.9	Wes Archer	Bill Oakley & Josh Weinstein
The Springfield Connection	1995-05-07	6	23	12.7	8.2	Mark Kirkland	Jonathan Collier
Homer the Smithers	1996-02-25	7	17	14.1	8.9	Steven Dean Moore	John Swartzwelder
Homer Badman	1994-11-27	6	9	17.0	9.0	Jeff Lynch	Greg Daniels
Homer the Great	1995-01-08	6	12	20.1	8.9	Jim Reardon	John Swartzwelder
The Simpsons 138th Episode Spectacular	1995-12-03	7	10	16.4	7.5	Pound Foolish[A]	Penny Wise[b]
Two Bad Neighbors	1996-01-14	7	13	16.5	8.7	Wes Archer	Ken Keeler
Lisa the Iconoclast	1996-02-18	7	16	13.4	8.1	Mike B. Anderson	Jonathan Collier
Mother Simpson	1995-11-19	7	8	15.3	8.5	David Silverman	Richard Appel
"Raging Abe Simpson and His Grumbling Grandson in ""The Curse of the Flying Hellfish"""	1996-04-28	7	22	13.0	8.3	Jeffrey Lynch	Jonathan Collier
Homerpalooza	1996-05-19	7	24	12.9	8.0	Wesley Archer	Brent Forrester
Lisa's Sax	1997-10-19	9	3	12.9	8.1	Dominic Polcino	Al Jean
Simpsoncalifragilisticexpiala(Annoyed Grunt)cious	1997-02-07	8	13	17.7	7.7	Chuck Sheetz	Al Jean & Mike Reiss
Treehouse of Horror VII	1996-10-27	8	1	18.3	8.3	Mike B. Anderson	Ken Keeler, Dan Greaney & David S. Cohen
Brother from Another Series	1997-02-23	8	16	15.1	8.2	Pete Michels	Ken Keeler
The Homer They Fall	1996-11-10	8	3	17.0	8.0	Mark Kirkland	Jonathan Collier
Bart After Dark	1996-11-24	8	5	14.1	8.2	Dominic Polcino	Richard Appel
Lost Our Lisa	1998-05-10	9	24	7.6	7.7	Pete Michels	Brian Scully
Girly Edition	1998-04-19	9	21	8.5	7.9	Mark Kirkland	Larry Doyle
Realty Bites	1997-12-07	9	9	10.6	7.5	Swinton O. Scott III	Dan Greaney
The Old Man and the Lisa	1997-04-20	8	21	14.0	7.9	Mark Kirkland	John Swartzwelder
A Milhouse Divided	1996-12-01	8	6	12.8	8.0	Steven Dean Moore	Steve Tompkins
My Sister, My Sitter	1997-03-02	8	17	15.1	8.1	Jim Reardon	Dan Greaney
The Last Temptation of Krust	1998-02-22	9	15	9.5	7.5	Mike B. Anderson	Donick Cary
The Cartridge Family	1997-11-02	9	5	10.3	8.2	Pete Michels	John Swartzwelder
Grade School Confidential	1997-04-06	8	19	13.3	8.2	Susie Dietter	Rachel Pulido
Hurricane Neddy	1996-12-29	8	8	8.4	8.8	Bob Anderson	Steve Young
Simpson Tide	1998-03-29	9	19	9.0	8.3	Milton Gray	Joshua Sternin & Jennifer Ventimilia
The Simpsons Spin-Off Showcase	1997-05-11	8	24	11.6	7.3	Neil Affleck	Story by: Ken Keeler Teleplay by: David S. Cohen, Dan Greaney and Steve Tompkins
The City of New York vs. Homer Simpson	1997-09-21	9	1	10.5	9.1	Jim Reardon	Ian Maxtone-Graham
Miracle on Evergreen Terrace	1997-12-21	9	10	9.6	7.6	Bob Anderson	Ron Hauge
King of the Hill	1998-05-03	9	23	9.2	8.3	Steven Dean Moore	John Swartzwelder
Das Bus	1998-02-15	9	14	9.6	8.1	Pete Michels	David S. Cohen
Lard of the Dance	1998-08-23	10	1	7.0	7.6	Dominic Polcino	Jane O'Brien
Bart Carny	1998-01-11	9	12	11.7	7.7	Mark Kirkland	John Swartzwelder
Lisa the Simpson	1998-03-08	9	17	10.4	8.0	Susie Dietter	Ned Goldreyer
The Day the Violence Died	1996-03-17	7	18	14.4	8.0	Wesley Archer	John Swartzwelder
When You Dish Upon a Star	1998-11-08	10	5	9.0	7.3	Pete Michels	Richard Appel
"Lisa Gets an ""A"""	1998-11-22	10	7	8.0	8.0	Bob Anderson	Ian Maxtone-Graham
"Homer Simpson in: ""Kidney Trouble"""	1998-12-06	10	8	7.2	7.3	Mike B. Anderson	John Swartzwelder
Lisa the Tree Hugger	2000-11-19	12	4	14.9	7.2	Steven Dean Moore	Matt Selman
Sunday, Cruddy Sunday	1999-01-31	10	12	11.5	6.9	Steven Dean Moore	Tom Martin, George Meyer, Brian Scully & Mike Scully
Maximum Homerdrive	1999-03-28	10	17	15.5	7.6	Swinton O. Scott III	John Swartzwelder
Hello Gutter, Hello Fadder	1999-11-14	11	6	9.2	7.3	Mike B. Anderson	Al Jean
Simpsons Bible Stories	1999-04-04	10	18	12.2	7.3	Nancy Kruse	Tim Long, Larry Doyle & Matt Selman
Tennis the Menace	2001-02-11	12	12	14.0	6.9	Jen Kamerman	Ian Maxtone-Graham
Viva Ned Flanders	1999-01-10	10	10	11.5	7.8	Neil Affleck	David M. Stern
Treehouse of Horror X	1999-10-31	11	4	8.7	7.7	Pete Michels	Donick Cary Tim Long Ron Hauge
Last Tap Dance in Springfield	2000-05-07	11	20	7.3	7.2	Nancy Kruse	Julie Thacker
Brother's Little Helper	1999-10-03	11	2	7.1	7.5	Mark Kirkland	George Meyer
"The Old Man and the ""C"" Student"	1999-04-25	10	20	6.9	7.3	Mark Kirkland	Julie Thacker
Bart to the Future	2000-03-19	11	17	8.77	7.0	Michael Marcantel	Dan Greaney
Beyond Blunderdome	1999-09-26	11	1	8.1	7.3	Steven Dean Moore	Mike Scully
They Saved Lisa's Brain	1999-05-09	10	22	6.8	7.3	Pete Michels	Matt Selman
Homer to the Max	1999-02-07	10	13	8.3	7.7	Pete Michels	John Swartzwelder
Take My Wife, Sleaze	1999-11-28	11	8	8.9	7.1	Neil Affleck	John Swartzwelder
Little Big Mom	2000-01-09	11	10	10.0	7.3	Mark Kirkland	Carolyn Omine
Faith Off	2000-01-16	11	11	10.4	6.9	Nancy Kruse	Frank Mula
Worst Episode Ever	2001-02-04	12	11	18.5	7.5	Matthew Nastuk	Larry Doyle
Saddlesore Galactica	2000-02-06	11	13	9.6	6.6	Lance Kramer	Tim Long
Behind the Laughter	2000-05-21	11	22	8.3	7.9	Mark Kirkland	Tim Long, George Meyer, Mike Scully & Matt Selman
The Great Money Caper	2000-12-10	12	7	16.8	7.3	Michael Polcino	Carolyn Omine
Missionary: Impossible	2000-02-20	11	15	9.8	7.3	Jim Reardon	Ian Maxtone-Graham
Days of Wine and D'oh'ses	2000-04-09	11	18	8.3	7.4	Neil Affleck	Deb Lacusta & Dan Castellaneta
Bart on the Road	1996-03-31	7	20	11.8	8.6	Swinton O. Scott III	Richard Appel
Bye, Bye, Nerdie	2001-03-11	12	16	16.1	6.5	Lauren MacMullan	John Frink & Don Payne
I'm Goin' to Praiseland	2001-05-06	12	19	13.1	7.3	Chuck Sheetz	Julie Thacker
Simpsons Tall Tales	2001-05-20	12	21	13.4	7.0	Bob Anderson	John Frink & Don Payne Bob Bendetson Matt Selman
I Am Furious (Yellow)	2002-04-28	13	18	12.4	7.7	Chuck Sheetz	John Swartzwelder
The Sweetest Apu	2002-05-05	13	19	11.8	6.9	Matthew Nastuk	John Swartzwelder
The President Wore Pearls	2003-11-16	15	3	12.7	7.0	Mike B. Anderson	Dana Gould
The Parent Rap	2001-11-11	13	2	14.9	7.1	Mark Kirkland	George Meyer & Mike Scully
Weekend at Burnsie's	2002-04-07	13	16	12.5	7.7	Michael Marcantel	Jon Vitti
Large Marge	2002-11-24	14	4	17.4	7.1	Jim Reardon	Ian Maxtone-Graham
The Bart Wants What It Wants	2002-02-17	13	11	11.2	7.1	Michael Polcino	John Frink & Don Payne
Mr. Spritz Goes to Washington	2003-03-09	14	14	14.4	6.9	Lance Kramer	John Swartzwelder
A Hunka Hunka Burns in Love	2001-12-02	13	4	13.4	7.2	Lance Kramer	John Swartzwelder
How I Spent My Strummer Vacation	2002-11-10	14	2	12.5	7.3	Mike B. Anderson	Mike Scully
She of Little Faith	2001-12-16	13	6	13.2	7.1	Steven Dean Moore	Bill Freiberger
Helter Shelter	2002-12-01	14	5	15.1	6.8	Mark Kirkland	Brian Pollack & Mert Rich
Tales from the Public Domain	2002-03-17	13	14	11.7	7.3	Mike B. Anderson	Andrew Kreisberg, Josh Lieb & Matt Warburton
The Strong Arms of the Ma	2003-02-02	14	9	15.4	6.9	Pete Michels	Carolyn Omine
Brawl in the Family	2002-01-06	13	7	11.8	6.9	Matthew Nastuk	Joel H. Cohen
Jaws Wired Shut	2002-01-27	13	9	14.2	7.3	Nancy Kruse	Matt Selman
Little Girl in the Big Ten	2002-05-12	13	20	11.2	7.2	Lauren MacMullan	Jon Vitti
Old Yeller-Belly	2003-05-04	14	19	11.59	6.8	Bob Anderson	John Frink & Don Payne
Special Edna	2003-01-05	14	7	15.0	7.1	Bob Anderson	Dennis Snee
Barting Over	2003-02-16	14	11	21.3	6.6	Matthew Nastuk	Andrew Kreisberg
Dude, Where's My Ranch?	2003-04-27	14	18	11.71	7.0	Chris Clements	Ian Maxtone-Graham
The Bart of War	2003-05-18	14	21	12.1	6.6	Michael Polcino	Marc Wilmore
Treehouse of Horror XIV	2003-11-02	15	1	16.22	7.4	Steven Dean Moore	John Swartzwelder
Mountain of Madness	1997-02-02	8	12	9.1	8.6	Mark Kirkland	John Swartzwelder
Today I Am a Clown	2003-12-07	15	6	10.5	6.6	Nancy Kruse	Joel H. Cohen
Marge vs. Singles, Seniors, Childless Couples and Teens and Gays	2004-01-04	15	8	12.0	6.7	Bob Anderson	Jon Vitti
Diatribe of a Mad Housewife	2004-01-25	15	10	10.6	7.3	Mark Kirkland	Robin J. Stein
All's Fair in Oven War	2004-11-14	16	2	11.64	7.0	Mark Kirkland	Matt Selman
Bart-Mangled Banner	2004-05-16	15	21	8.7	6.2	Steven Dean Moore	John Frink
A Star Is Torn	2005-05-08	16	18	8.72	6.8	Nancy Kruse	Carolyn Omine
See Homer Run	2005-11-20	17	6	10.3	6.9	Nancy Kruse	Stephanie Gillis
Milhouse Doesn't Live Here Anymore	2004-02-15	15	12	9.4	7.3	Matthew Nastuk	Julie Chambers & David Chambers
The Ziff Who Came to Dinner	2004-03-14	15	14	10.7	6.9	Nancy Kruse	Deb Lacusta & Dan Castellaneta
Homer and Ned's Hail Mary Pass	2005-02-06	16	8	23.07	6.4	Steven Dean Moore	Tim Long
The Girl Who Slept Too Little	2005-09-18	17	2	9.79	6.9	Raymond S. Persi	John Frink
The Wandering Juvie	2004-03-28	15	16	10.5	6.9	Lauren MacMullan	John Frink & Don Payne
Milhouse of Sand and Fog	2005-09-25	17	3	10.19	7.0	Steven Dean Moore	Patric M. Verrone
Treehouse of Horror XVI	2005-11-06	17	4	11.63	7.3	David Silverman	Marc Wilmore
Homer's Paternity Coot	2006-01-08	17	10	10.1	6.7	Mike B. Anderson	Joel H. Cohen
She Used to Be My Girl	2004-12-05	16	4	10.81	6.6	Matthew Nastuk	Tim Long
My Big Fat Geek Wedding	2004-04-18	15	17	9.2	6.7	Mark Kirkland	Kevin Curran
Future-Drama	2005-04-17	16	15	8.31	7.3	Mike B. Anderson	Matt Selman
The Italian Bob	2005-12-11	17	8	10.39	7.0	Mark Kirkland	John Frink
Simple Simpson	2004-05-02	15	19	9.5	7.3	Jim Reardon	Jon Vitti
We're on the Road to D'ohwhere	2006-01-29	17	11	9.04	7.0	Nancy Kruse	Kevin Curran
On a Clear Day I Can't See My Sister	2005-03-06	16	11	10.39	6.9	Bob Anderson	Jeff Westbrook
Home Away from Homer	2005-05-15	16	20	8.17	7.1	Bob Anderson	Joel H. Cohen
Treehouse of Horror XV	2004-11-07	16	1	11.29	7.4	David Silverman	Bill Odenkirk
Midnight Rx	2005-01-16	16	6	8.11	7.3	Nancy Kruse	Marc Wilmore
Pranksta Rap	2005-02-13	16	9	8.01	6.8	Mike B. Anderson	Matt Selman
Dumbbell Indemnity	1998-03-01	9	16	10.3	7.6	Dominic Polcino	Ron Hauge
Girls Just Want to Have Sums	2006-04-30	17	19	8.7	7.2	Nancy Kruse	Matt Selman
The Monkey Suit	2006-05-14	17	21	8.3	7.1	Raymond S. Persi	J. Stewart Burns
The Boys of Bummer	2007-04-29	18	18	7.57	6.3	Rob Oliver	Michael Price
Treehouse of Horror XVIII	2007-11-04	19	5	11.7	7.1	Chuck Sheetz	Marc Wilmore
Rome-Old and Juli-Eh	2007-03-11	18	15	8.98	6.3	Nancy Kruse	Daniel Chun
Papa Don't Leech	2008-04-13	19	16	6.9	6.1	Chris Clements	Reid Harrison
Marge and Homer Turn a Couple Play	2006-05-21	17	22	8.23	6.6	Bob Anderson	Joel H. Cohen
The Wife Aquatic	2007-01-07	18	10	13.9	6.6	Lance Kramer	Kevin Curran
Double, Double, Boy in Trouble	2008-10-19	20	3	8.09	7.0	Nancy Kruse	Bill Odenkirk
Treehouse of Horror XVII	2006-11-05	18	4	10.43	7.1	David Silverman & Matthew Faughnan	Peter Gaffney
That '90s Show	2008-01-27	19	11	7.6	6.3	Mark Kirkland	Matt Selman
The Burns and the Bees	2008-12-07	20	8	6.19	6.6	Mark Kirkland	Stephanie Gillis
Moe'N'a Lisa	2006-11-19	18	6	9.31	6.8	Mark Kirkland	Matt Warburton
The Haw-Hawed Couple	2006-12-10	18	8	8.29	7.2	Chris Clements	Matt Selman
Husbands and Knives	2007-11-18	19	7	10.5	7.1	Nancy Kruse	Matt Selman
All About Lisa	2008-05-18	19	20	6.11	6.4	Steven Dean Moore	John Frink
You Kent Always Say What You Want	2007-05-20	18	22	9.8	7.3	Matthew Nastuk	Tim Long
Dangerous Curves	2008-11-09	20	5	8.16	6.6	Matthew Faughnan	Billy Kimball & Ian Maxtone-Graham
Springfield Up	2007-02-18	18	13	8.8	7.3	Chuck Sheetz	Matt Warburton
Revenge Is a Dish Best Served Three Times	2007-01-28	18	11	8.09	7.0	Michael Polcino	Joel H. Cohen
Marge Gamer	2007-04-22	18	17	6.4	7.3	Bob Anderson	J. Stewart Burns
Stop! Or My Dog Will Shoot	2007-05-13	18	20	6.48	7.0	Matthew Faughnan	John Frink
Dial 'N' for Nerder	2008-03-09	19	14	7.3	7.3	Bob Anderson	Carolyn Omine & William Wright
Love, Springfieldian Style	2008-02-17	19	12	7.81	6.6	Raymond S. Persi	Don Payne
MyPods and Boomsticks	2008-11-30	20	7	7.8	7.1	Steven Dean Moore	Marc Wilmore
Sex, Pies and Idiot Scrapes	2008-09-28	20	1	9.3	7.2	Lance Kramer	Kevin Curran
Any Given Sundance	2008-05-04	19	18	6.18	7.0	Chuck Sheetz	Daniel Chun
Bart the Mother	1998-09-27	10	3	7.35	7.5	Steven Dean Moore	David S. Cohen
Take My Life, Please	2009-02-15	20	10	6.82	7.0	Steven Dean Moore	Don Payne
No Loan Again, Naturally	2009-03-08	20	12	5.99	7.0	Mark Kirkland	Jeff Westbrook
Elementary School Musical	2010-09-26	22	1	7.75	6.3	Mark Kirkland	Tim Long
Waverly Hills, 9-0-2-1-D'oh	2009-05-03	20	19	6.75	7.1	Michael Polcino	J. Stewart Burns
The Bob Next Door	2010-05-16	21	22	6.26	7.2	Nancy Kruse	John Frink
The Good, the Sad and the Drugly	2009-04-19	20	17	6.5	7.2	Rob Oliver	Marc Wilmore
Once Upon a Time in Springfield	2010-01-10	21	10	14.62	6.7	Matthew Nastuk	Stephanie Gillis
Bart Gets a 'Z'	2009-10-04	21	2	9.32	6.6	Mark Kirkland	Matt Selman
Eeny Teeny Maya Moe	2009-04-05	20	16	6.5	7.2	Nancy Kruse	John Frink
Chief of Hearts	2010-04-18	21	18	5.93	6.9	Chris Clements	Carolyn Omine & William Wright
The Great Wife Hope	2009-10-11	21	3	7.5	6.3	Matthew Faughnan	Carolyn Omine
To Surveil with Love	2010-05-02	21	20	6.06	7.2	Lance Kramer	Michael Nobori
The Scorpion's Tale	2011-03-06	22	15	6.2	6.7	Matthew Schofield	Billy Kimball & Ian Maxtone-Graham
The Blue and the Gray	2011-02-13	22	13	5.61	6.9	Bob Anderson	Rob LaZebnik
The Color Yellow	2010-02-21	21	13	6.08	6.6	Raymond S. Persi	Billy Kimball & Ian Maxtone-Graham
The Fool Monty	2010-11-21	22	6	6.58	6.5	Steven Dean Moore	Michael Price
O Brother, Where Bart Thou?	2009-12-13	21	8	7.11	7.2	Steven Dean Moore	Matt Selman
Boy Meets Curl	2010-02-14	21	12	5.87	6.8	Chuck Sheetz	Rob LaZebnik
Love Is a Many Strangled Thing	2011-03-27	22	17	6.14	6.5	Michael Polcino	Bill Odenkirk
The Devil Wears Nada	2009-11-15	21	5	9.04	6.7	Nancy Kruse	Tim Long
Homer Scissorhands	2011-05-08	22	20	5.48	7.2	Mark Kirkland	Peter Gaffney & Steve Viksten
Stealing First Base	2010-03-21	21	15	5.69	7.0	Steven Dean Moore	John Frink
How Munched is That Birdie in the Window?	2010-11-28	22	7	9.38	6.4	Michael Polcino	Kevin Curran
The Real Housewives of Fat Tony	2011-05-01	22	19	6.1	6.6	Lance Kramer	Dick Blasucci
Moms I'd Like to Forget	2011-01-09	22	10	12.6	6.3	Chris Clements	Brian Kelley
MoneyBart	2010-10-10	22	3	6.72	6.8	Nancy Kruse	Tim Long
Flaming Moe	2011-01-16	22	11	6.47	6.9	Chuck Sheetz	Matt Selman
I'm with Cupid	1999-02-14	10	14	7.7	7.3	Bob Anderson	Dan Greaney
Bart Stops to Smell the Roosevelts	2011-10-02	23	2	6.19	7.0	Steven Dean Moore	Tim Long
Replaceable You	2011-11-06	23	4	7.97	6.7	Mark Kirkland	Stephanie Gillis
The D'oh-cial Network	2012-01-15	23	11	11.48	7.0	Chris Clements	J. Stewart Burns
Married to the Blob	2014-01-12	25	10	4.83	7.1	Chris Clements	Tim Long
Ned 'n Edna's Blend	2012-05-13	23	21	4.07	6.7	Chuck Sheetz	Jeff Westbrook
Gone Abie Gone	2012-11-11	24	4	6.86	6.7	Matthew Nastuk	Joel H. Cohen
Homer Goes to Prep School	2013-01-06	24	9	8.97	6.9	Mark Kirkland	Brian Kelley
Four Regrettings and a Funeral	2013-11-03	25	3	5.43	6.5	Mark Kirkland	Marc Wilmore
Yellow Subterfuge	2013-12-08	25	7	6.85	7.0	Bob Anderson	Joel H. Cohen
A Totally Fun Thing That Bart Will Never Do Again	2012-04-29	23	19	5.0	7.4	Chris Clements	Matt Warburton
The Book Job	2011-11-20	23	6	5.77	7.8	Bob Anderson	Dan Vebber
The Daughter Also Rises	2012-02-12	23	13	4.26	6.5	Chuck Sheetz	Rob LaZebnik
Steal This Episode	2014-01-05	25	9	12.04	7.6	Matthew Nastuk	J. Stewart Burns
Exit Through the Kwik-E-Mart	2012-03-04	23	15	5.09	6.9	Steven Dean Moore	Marc Wilmore
Black Eyed, Please	2013-03-10	24	15	4.85	7.0	Matthew Schofield	John Frink
Them, Robot	2012-03-18	23	17	5.25	7.1	Michael Polcino	Michael Price
Treehouse of Horror XXIV	2013-10-06	25	2	6.42	7.1	Rob Oliver	Jeff Westbrook
Pulpit Friction	2013-04-28	24	18	4.54	6.5	Chris Clements	Bill Odenkirk
The Changing of the Guardian	2013-01-27	24	11	5.23	6.6	Bob Anderson	Rob LaZebnik
Moonshine River	2012-09-30	24	1	8.08	6.4	Bob Anderson	Tim Long
A Tree Grows in Springfield	2012-11-25	24	6	7.46	6.5	Timothy Bailey	Stephanie Gillis
Treehouse of Horror XXIII	2012-10-07	24	2	6.57	7.3	Steven Dean Moore	David Mandel & Brian Kelley
The Day the Earth Stood Cool	2012-12-09	24	7	7.44	7.2	Matthew Faughnan	Matt Selman
Hardly Kirk-ing	2013-02-17	24	13	4.57	7.0	Matthew Nastuk	Tom Gammill & Max Pross
The Fabulous Faker Boy	2013-05-12	24	20	4.16	6.3	Bob Anderson	Brian McConnachie
Labor Pains	2013-11-17	25	5	4.08	7.1	Matthew Faughnan	Don Payne & Mitchell H. Glazer
Dangers on a Train	2013-05-19	24	22	4.52	7.0	Steven Dean Moore	Michael Price
"Marge Simpson in: ""Screaming Yellow Honkers"""	1999-02-21	10	15	8.6	7.3	Mark Kirkland	David M. Stern
The Winter of His Content	2014-03-16	25	14	4.02	6.6	Chuck Sheetz	Kevin Curran
What to Expect When Bart's Expecting	2014-04-27	25	19	3.45	5.8	Matthew Nastuk	John Frink
Covercraft	2014-11-23	26	8	3.45	6.5	Steven Dean Moore	Matt Selman
Walking Big & Tall	2015-02-08	26	13	2.78	6.3	Chris Clements	Michael Price
Treehouse of Horror XXVI	2015-10-25	27	5	6.75	6.8	Steven Dean Moore	Joel H. Cohen
The Girl Code	2016-01-03	27	10	4.41	6.6	Chris Clements	Rob LaZebnik
Pay Pal	2014-05-11	25	21	3.66	6.7	Michael Polcino	David H. Steinberg
Every Man's Dream	2015-09-27	27	1	3.28	5.9	Matthew Nastuk	J. Stewart Burns
Let's Go Fly a Coot	2015-05-03	26	20	3.12	6.2	Chris Clements	Jeff Westbrook
Waiting for Duffman	2015-03-15	26	17	3.59	6.7	Steven Dean Moore	John Frink
Lisa with an 'S'	2015-11-22	27	7	5.64	6.3	Bob Anderson	Stephanie Gillis
Bart's New Friend	2015-01-11	26	11	4.28	7.3	Bob Anderson	Judd Apatow
Love Is in the N2-O2-Ar-CO2-Ne-He-CH4	2016-02-14	27	13	2.89	6.3	Mark Kirkland	John Frink
The Kids Are All Fight	2015-04-26	26	19	3.33	6.9	Bob Anderson	Rob LaZebnik
Sky Police	2015-03-08	26	16	3.79	6.9	Rob Oliver	Matt Selman
Clown in the Dumps	2014-09-28	26	1	8.53	5.8	Steven Dean Moore	Joel H. Cohen
Super Franchise Me	2014-10-12	26	3	7.33	6.5	Mark Kirkland	Bill Odenkirk
Much Apu About Something	2016-01-17	27	12	3.95	6.7	Bob Anderson	Michael Price
I Won't Be Home for Christmas	2014-12-07	26	9	6.52	6.8	Mark Kirkland	Al Jean
Treehouse of Horror XXV	2014-10-19	26	4	7.76	7.3	Matthew Faughnan	Stephanie Gillis
My Fare Lady	2015-02-15	26	14	2.67	6.7	Michael Polcino	Marc Wilmore
The Burns Cage	2016-04-03	27	17	2.32	6.5	Rob Oliver	Rob LaZebnik
Mathlete's Feat	2015-05-17	26	22	2.82	6.9	Michael Polcino	Michael Price
Lisa the Veterinarian	2016-03-06	27	15	3.09	6.3	Steven Dean Moore	Dan Vebber
Paths of Glory	2015-12-06	27	8	5.53	7.1	Steven Dean Moore	Michael Ferris
Puffless	2015-10-11	27	3	3.31	7.2	Rob Oliver	J. Stewart Burns
Brush with Greatness	1991-04-11	2	18	20.6	8.0	Jim Reardon	Brian K. Roberts
Flaming Moe's	1991-11-21	3	10	23.9	8.8	Rich Moore & Alan Smart	Robert Cohen
Bart the General	1990-02-04	1	5	27.1	8.1	David Silverman	John Swartzwelder
Brother, Can You Spare Two Dimes?	1992-08-27	3	24	17.2	8.2	Rich Moore	John Swartzwelder
Homer the Heretic	1992-10-08	4	3	19.3	9.0	Jim Reardon	George Meyer
Cape Feare	1993-10-07	5	2	20.0	9.0	Rich Moore	Jon Vitti
Bart's Inner Child	1993-11-11	5	7	18.7	7.7	Bob Anderson	George Meyer
Deep Space Homer	1994-02-24	5	15	18.2	8.8	Carlos Baeza	David Mirkin
Sweet Seymour Skinner's Baadasssss Song	1994-04-28	5	19	19.7	8.4	Bob Anderson	Bill Oakley & Josh Weinstein
The Boy Who Knew Too Much	1994-05-05	5	20	15.5	8.2	Jeffrey Lynch	John Swartzwelder
Treehouse of Horror V	1994-10-30	6	6	22.2	9.0	Jim Reardon	Greg Daniels, Dan McGrath, David S. Cohen & Bob Kushell
Who Shot Mr. Burns? (Part One)	1995-05-21	6	25	15.0	9.1	Jeffrey Lynch	Bill Oakley & Josh Weinstein
You Only Move Twice	1996-11-03	8	2	13.9	9.2	Mike Anderson	John Swartzwelder
El Viaje Misterioso de Nuestro Jomer (The Mysterious Voyage of Homer)	1997-01-05	8	9	14.9	8.5	Jim Reardon	Ken Keeler
Homer's Enemy	1997-05-04	8	23	11.8	9.2	Jim Reardon	John Swartzwelder
Treehouse of Horror VIII	1997-10-26	9	4	10.9	8.1	Mark Kirkland	Mike Scully, David S. Cohen & Ned Goldreyer
The Two Mrs. Nahasapeemapetilons	1997-11-16	9	7	11.4	7.7	Steven Dean Moore	Richard Appel
D'oh-in' in the Wind	1998-11-15	10	6	8.3	7.6	Mark Kirkland & Matthew Nastuk	Donick Cary
Skinner's Sense of Snow	2000-12-17	12	8	15.9	8.0	Lance Kramer	Tim Long
HOMR	2001-01-07	12	9	18.5	8.0	Mike Anderson	Al Jean
Trilogy of Error	2001-04-29	12	18	14.4	8.6	Mike B. Anderson	Matt Selman
Poppa's Got a Brand New Badge	2002-05-22	13	22	8.2	8.0	Pete Michels	Dana Gould
Treehouse of Horror XIII	2002-11-03	14	1	16.7	7.6	David Silverman	Marc Wilmore Brian Kelley Kevin Curran
Holidays of Future Passed	2011-12-11	23	9	6.43	8.2	Rob Oliver	J. Stewart Burns
Simpsorama	2014-11-09	26	6	6.7	7.9	Bob Anderson	J. Stewart Burns
Halloween of Horror	2015-10-18	27	4	3.69	7.5	Mike B. Anderson	Carolyn Omine
To Courier with Love	2016-05-08	27	20	2.52	6.7	Timothy Bailey	Bill Odenkirk
Homer's Odyssey	1990-01-21	1	3	27.5	7.5	Wesley Archer	Jay Kogen & Wallace Wolodarsky
Grift of the Magi	1999-12-19	11	9	7.76	7.3	Matthew Nastuk	Tom Martin
A Tale of Two Springfields	2000-11-05	12	2	16.2	7.4	Shaun Cashman	John Swartzwelder
Homer vs. Dignity	2000-11-26	12	5	15.0	7.2	Neil Affleck	Rob LaZebnik
The Old Man and the Key	2002-03-10	13	13	14.5	6.5	Lance Kramer	Jon Vitti
'Scuse Me While I Miss the Sky	2003-03-30	14	16	12.6	7.1	Steven Dean Moore	Dan Greaney & Allen Glazier
Margical History Tour	2004-02-08	15	11	8.9	7.1	Mike B. Anderson	Brian Kelley
Mobile Homer	2005-03-20	16	13	8.49	7.0	Raymond S. Persi	Tim Long
Don't Fear the Roofer	2005-05-01	16	16	11.92	7.4	Mark Kirkland	Kevin Curran
The Seemingly Never-Ending Story	2006-03-12	17	13	9.72	7.4	Raymond S. Persi	Ian Maxtone-Graham
Homer Simpson, This Is Your Wife	2006-03-26	17	15	10.09	6.5	Matthew Nastuk	Ricky Gervais
The Wettest Stories Ever Told	2006-04-23	17	18	7.04	6.7	Mike B. Anderson	Jeff Westbrook
Midnight Towboy	2007-10-07	19	3	7.7	7.2	Matthew Nastuk	Stephanie Gillis
Homer and Lisa Exchange Cross Words	2008-11-16	20	6	8.52	7.1	Michael Polcino	Tim Long
Coming to Homerica	2009-05-17	20	21	5.86	7.2	Steven Dean Moore	Brendan Hay
Treehouse of Horror XX	2009-10-18	21	4	8.59	7.3	Mike B. Anderson & Matthew Schofield	Daniel Chun
American History X-cellent	2010-04-11	21	17	5.65	6.7	Bob Anderson	Michael Price
The Squirt and the Whale	2010-04-25	21	19	5.94	6.9	Mark Kirkland	Matt Warburton
Treehouse of Horror XXI	2010-11-07	22	4	8.19	7.1	Bob Anderson	Joel H. Cohen
The Man in the Blue Flannel Pants	2011-11-27	23	7	5.61	6.8	Steven Dean Moore	Jeff Westbrook
Dark Knight Court	2013-03-17	24	16	4.89	7.1	Mark Kirkland	Billy Kimball & Ian Maxtone-Graham
The Saga of Carl	2013-05-19	24	21	4.01	7.2	Chuck Sheetz	Eric Kaplan
You Don't Have to Live Like a Referee	2014-03-30	25	16	3.91	6.9	Mark Kirkland	Michael Price
The Princess Guide	2015-03-01	26	15	3.93	6.6	Timothy Bailey	Brian Kelley
How Lisa Got Her Marge Back	2016-04-10	27	18	2.55	6.4	Bob Anderson	Jeff Martin
Orange Is the New Yellow	2016-05-22	27	22	2.54	6.9	Matthew Faughnan	Eric Horsted
New Kids on the Blecch	2001-02-25	12	14	18.1	7.2	Steven Dean Moore	Tim Long
Sweets and Sour Marge	2002-01-20	13	8	12.3	7.0	Mark Kirkland	Carolyn Omine
The Frying Game	2002-05-19	13	21	10.8	7.1	Michael Polcino	John Swartzwelder
I'm Spelling As Fast As I Can	2003-02-16	14	12	22.1	7.3	Nancy Kruse	Kevin Curran
A Star Is Born-Again	2003-03-02	14	13	14.4	7.1	Michael Marcantel	Brian Kelley
The Regina Monologues	2003-11-23	15	4	12.2	7.1	Mark Kirkland	John Swartzwelder
The Father, the Son, and the Holy Guest Star	2005-05-15	16	21	9.69	7.2	Michael Polcino	Matt Warburton
Marge's Son Poisoning	2005-11-13	17	5	11.4	6.9	Mike B. Anderson	Daniel Chun
Kiss Kiss, Bang Bangalore	2006-04-09	17	17	8.2	7.2	Mark Kirkland	Deb Lacusta & Dan Castellaneta
Jazzy and the Pussycats	2006-09-17	18	2	8.94	6.7	Steven Dean Moore	Daniel Chun
He Loves to Fly and He D'ohs	2007-09-23	19	1	9.7	6.7	Mark Kirkland	Joel H. Cohen
I Don't Wanna Know Why the Caged Bird Sings	2007-10-14	19	4	8.8	6.9	Bob Anderson	Dana Gould
Eternal Moonshine of the Simpson Mind	2007-12-16	19	9	10.15	8.2	Chuck Sheetz	J. Stewart Burns
Lisa the Drama Queen	2009-01-25	20	9	5.75	5.9	Matthew Nastuk	Brian Kelley
How the Test Was Won	2009-03-01	20	11	6.52	7.0	Lance Kramer	Michael Price
In the Name of the Grandfather	2009-03-22	20	14	6.15	6.3	Ralph Sosa	Matt Marshall
Wedding for Disaster	2009-03-29	20	15	6.58	6.8	Chuck Sheetz	Joel H. Cohen
The Ned-Liest Catch	2011-05-22	22	22	5.25	7.0	Chuck Sheetz	Jeff Westbrook
At Long Last Leave	2012-02-19	23	14	5.77	7.0	Matthew Nastuk	Michael Price
How I Wet Your Mother	2012-03-11	23	16	4.97	7.3	Lance Kramer	Billy Kimball & Ian Maxtone-Graham
Adventures in Baby-Getting	2012-11-04	24	3	5.65	6.9	Rob Oliver	Bill Odenkirk
Diggs	2014-03-09	25	12	2.69	6.4	Michael Polcino	Dan Greaney & Allen Glazier
Days of Future Future	2014-04-13	25	18	3.64	7.0	Bob Anderson	J. Stewart Burns
